{
    "ch0": {
        "param": [
            7.627936504382185,
            -5589.691235393768
        ],
        "error": [
            1.807554862989319,
            -1325.4008279348154
        ]
    },
    "ch1": {
        "param": [
            7.493737672482725,
            -5542.738643824865
        ],
        "error": [
            1.8055492176707402,
            -1336.3037617232583
        ]
    },
    "ch2": {
        "param": [
            7.573626839802611,
            -5487.6932391054
        ],
        "error": [
            1.7635227045306152,
            -1278.6232641878719
        ]
    },
    "ch3": {
        "param": [
            7.614933950381071,
            -5479.875001664997
        ],
        "error": [
            1.7316539985440824,
            -1246.9459744480673
        ]
    },
    "ch4": {
        "param": [
            7.676946167869719,
            -5744.156893598807
        ],
        "error": [
            1.84345774962034,
            -1380.1844489949347
        ]
    },
    "ch5": {
        "param": [
            7.559095355963997,
            -5473.591404265795
        ],
        "error": [
            1.7330660709513306,
            -1255.735706088077
        ]
    },
    "ch6": {
        "param": [
            7.673276808984347,
            -5558.905033877805
        ],
        "error": [
            1.7893681568558795,
            -1297.1374911277892
        ]
    }
}